{
  "project_info": {
    "project_number": "380376534574",
    "project_id": "talkmake-99984",
    "storage_bucket": "talkmake-99984.appspot.com"
  },
  "client": [
    {
      "client_info": {
        "mobilesdk_app_id": "1:380376534574:android:ee65d0eb7492c2a6ca99bf",
        "android_client_info": {
          "package_name": "com.example.a20210122"
        }
      },
      "oauth_client": [
        {
          "client_id": "380376534574-m3p7ek6pjknnl8fmgtcd03883s3oa0tg.apps.googleusercontent.com",
          "client_type": 3
        }
      ],
      "api_key": [
        {
          "current_key": "AIzaSyCl0PA62G7oC2jEX4FMnr3ZacLGr_HhKLo"
        }
      ],
      "services": {
        "appinvite_service": {
          "other_platform_oauth_client": [
            {
              "client_id": "380376534574-m3p7ek6pjknnl8fmgtcd03883s3oa0tg.apps.googleusercontent.com",
              "client_type": 3
            }
          ]
        }
      }
    }
  ],
  "configuration_version": "1"
}